id,target
boostcamp-sts-v1-test-000,3.5
boostcamp-sts-v1-test-001,4.5
boostcamp-sts-v1-test-002,2.2
boostcamp-sts-v1-test-003,-0.1
boostcamp-sts-v1-test-004,3.5
boostcamp-sts-v1-test-005,2.4
boostcamp-sts-v1-test-006,4.4
boostcamp-sts-v1-test-007,1.4
boostcamp-sts-v1-test-008,0.8
boostcamp-sts-v1-test-009,4.5
boostcamp-sts-v1-test-010,2.6
boostcamp-sts-v1-test-011,2.6
boostcamp-sts-v1-test-012,1.6
boostcamp-sts-v1-test-013,1.9
boostcamp-sts-v1-test-014,1.0
boostcamp-sts-v1-test-015,4.5
boostcamp-sts-v1-test-016,4.5
boostcamp-sts-v1-test-017,2.6
boostcamp-sts-v1-test-018,4.5
boostcamp-sts-v1-test-019,4.5
boostcamp-sts-v1-test-020,2.0
boostcamp-sts-v1-test-021,2.8
boostcamp-sts-v1-test-022,2.0
boostcamp-sts-v1-test-023,0.3
boostcamp-sts-v1-test-024,1.6
boostcamp-sts-v1-test-025,1.6
boostcamp-sts-v1-test-026,0.9
boostcamp-sts-v1-test-027,1.4
boostcamp-sts-v1-test-028,3.0
boostcamp-sts-v1-test-029,3.2
boostcamp-sts-v1-test-030,4.4
boostcamp-sts-v1-test-031,1.7
boostcamp-sts-v1-test-032,2.3
boostcamp-sts-v1-test-033,3.1
boostcamp-sts-v1-test-034,2.6
boostcamp-sts-v1-test-035,0.1
boostcamp-sts-v1-test-036,3.6
boostcamp-sts-v1-test-037,0.8
boostcamp-sts-v1-test-038,1.3
boostcamp-sts-v1-test-039,3.3
boostcamp-sts-v1-test-040,0.3
boostcamp-sts-v1-test-041,3.6
boostcamp-sts-v1-test-042,0.1
boostcamp-sts-v1-test-043,1.1
boostcamp-sts-v1-test-044,1.7
boostcamp-sts-v1-test-045,4.6
boostcamp-sts-v1-test-046,0.2
boostcamp-sts-v1-test-047,1.5
boostcamp-sts-v1-test-048,0.1
boostcamp-sts-v1-test-049,2.6
boostcamp-sts-v1-test-050,-0.0
boostcamp-sts-v1-test-051,2.2
boostcamp-sts-v1-test-052,2.7
boostcamp-sts-v1-test-053,2.3
boostcamp-sts-v1-test-054,4.4
boostcamp-sts-v1-test-055,1.3
boostcamp-sts-v1-test-056,4.0
boostcamp-sts-v1-test-057,1.6
boostcamp-sts-v1-test-058,2.1
boostcamp-sts-v1-test-059,4.2
boostcamp-sts-v1-test-060,4.6
boostcamp-sts-v1-test-061,3.5
boostcamp-sts-v1-test-062,1.0
boostcamp-sts-v1-test-063,2.4
boostcamp-sts-v1-test-064,3.3
boostcamp-sts-v1-test-065,4.6
boostcamp-sts-v1-test-066,2.9
boostcamp-sts-v1-test-067,0.4
boostcamp-sts-v1-test-068,1.8
boostcamp-sts-v1-test-069,1.4
boostcamp-sts-v1-test-070,0.4
boostcamp-sts-v1-test-071,2.5
boostcamp-sts-v1-test-072,4.5
boostcamp-sts-v1-test-073,4.4
boostcamp-sts-v1-test-074,-0.0
boostcamp-sts-v1-test-075,1.6
boostcamp-sts-v1-test-076,3.3
boostcamp-sts-v1-test-077,1.7
boostcamp-sts-v1-test-078,1.6
boostcamp-sts-v1-test-079,3.9
boostcamp-sts-v1-test-080,1.2
boostcamp-sts-v1-test-081,4.0
boostcamp-sts-v1-test-082,3.7
boostcamp-sts-v1-test-083,1.5
boostcamp-sts-v1-test-084,1.0
boostcamp-sts-v1-test-085,4.5
boostcamp-sts-v1-test-086,2.9
boostcamp-sts-v1-test-087,1.2
boostcamp-sts-v1-test-088,3.8
boostcamp-sts-v1-test-089,4.3
boostcamp-sts-v1-test-090,4.5
boostcamp-sts-v1-test-091,1.4
boostcamp-sts-v1-test-092,0.5
boostcamp-sts-v1-test-093,1.8
boostcamp-sts-v1-test-094,4.5
boostcamp-sts-v1-test-095,1.4
boostcamp-sts-v1-test-096,4.4
boostcamp-sts-v1-test-097,2.7
boostcamp-sts-v1-test-098,0.2
boostcamp-sts-v1-test-099,3.2
boostcamp-sts-v1-test-100,2.3
boostcamp-sts-v1-test-101,4.6
boostcamp-sts-v1-test-102,4.5
boostcamp-sts-v1-test-103,4.1
boostcamp-sts-v1-test-104,3.9
boostcamp-sts-v1-test-105,0.3
boostcamp-sts-v1-test-106,3.6
boostcamp-sts-v1-test-107,3.7
boostcamp-sts-v1-test-108,1.8
boostcamp-sts-v1-test-109,4.0
boostcamp-sts-v1-test-110,3.7
boostcamp-sts-v1-test-111,0.3
boostcamp-sts-v1-test-112,-0.0
boostcamp-sts-v1-test-113,0.7
boostcamp-sts-v1-test-114,1.9
boostcamp-sts-v1-test-115,2.5
boostcamp-sts-v1-test-116,0.4
boostcamp-sts-v1-test-117,4.6
boostcamp-sts-v1-test-118,2.7
boostcamp-sts-v1-test-119,3.5
boostcamp-sts-v1-test-120,4.4
boostcamp-sts-v1-test-121,1.8
boostcamp-sts-v1-test-122,2.2
boostcamp-sts-v1-test-123,4.1
boostcamp-sts-v1-test-124,2.7
boostcamp-sts-v1-test-125,0.4
boostcamp-sts-v1-test-126,3.8
boostcamp-sts-v1-test-127,4.5
boostcamp-sts-v1-test-128,3.9
boostcamp-sts-v1-test-129,4.6
boostcamp-sts-v1-test-130,3.9
boostcamp-sts-v1-test-131,3.7
boostcamp-sts-v1-test-132,4.6
boostcamp-sts-v1-test-133,1.4
boostcamp-sts-v1-test-134,4.6
boostcamp-sts-v1-test-135,3.8
boostcamp-sts-v1-test-136,2.8
boostcamp-sts-v1-test-137,3.9
boostcamp-sts-v1-test-138,3.0
boostcamp-sts-v1-test-139,2.7
boostcamp-sts-v1-test-140,4.6
boostcamp-sts-v1-test-141,1.4
boostcamp-sts-v1-test-142,1.8
boostcamp-sts-v1-test-143,4.5
boostcamp-sts-v1-test-144,0.5
boostcamp-sts-v1-test-145,0.1
boostcamp-sts-v1-test-146,0.4
boostcamp-sts-v1-test-147,0.9
boostcamp-sts-v1-test-148,1.0
boostcamp-sts-v1-test-149,4.3
boostcamp-sts-v1-test-150,0.4
boostcamp-sts-v1-test-151,4.5
boostcamp-sts-v1-test-152,1.7
boostcamp-sts-v1-test-153,1.8
boostcamp-sts-v1-test-154,0.9
boostcamp-sts-v1-test-155,0.1
boostcamp-sts-v1-test-156,4.6
boostcamp-sts-v1-test-157,4.5
boostcamp-sts-v1-test-158,4.5
boostcamp-sts-v1-test-159,0.4
boostcamp-sts-v1-test-160,4.5
boostcamp-sts-v1-test-161,1.0
boostcamp-sts-v1-test-162,3.0
boostcamp-sts-v1-test-163,0.5
boostcamp-sts-v1-test-164,2.8
boostcamp-sts-v1-test-165,4.4
boostcamp-sts-v1-test-166,1.1
boostcamp-sts-v1-test-167,4.2
boostcamp-sts-v1-test-168,1.3
boostcamp-sts-v1-test-169,4.4
boostcamp-sts-v1-test-170,3.5
boostcamp-sts-v1-test-171,2.3
boostcamp-sts-v1-test-172,4.5
boostcamp-sts-v1-test-173,1.5
boostcamp-sts-v1-test-174,4.1
boostcamp-sts-v1-test-175,2.5
boostcamp-sts-v1-test-176,0.0
boostcamp-sts-v1-test-177,4.5
boostcamp-sts-v1-test-178,1.1
boostcamp-sts-v1-test-179,4.1
boostcamp-sts-v1-test-180,2.1
boostcamp-sts-v1-test-181,2.9
boostcamp-sts-v1-test-182,2.6
boostcamp-sts-v1-test-183,0.6
boostcamp-sts-v1-test-184,3.3
boostcamp-sts-v1-test-185,4.6
boostcamp-sts-v1-test-186,4.5
boostcamp-sts-v1-test-187,4.3
boostcamp-sts-v1-test-188,-0.0
boostcamp-sts-v1-test-189,4.5
boostcamp-sts-v1-test-190,3.2
boostcamp-sts-v1-test-191,0.4
boostcamp-sts-v1-test-192,1.4
boostcamp-sts-v1-test-193,1.4
boostcamp-sts-v1-test-194,3.1
boostcamp-sts-v1-test-195,0.6
boostcamp-sts-v1-test-196,2.1
boostcamp-sts-v1-test-197,4.3
boostcamp-sts-v1-test-198,4.3
boostcamp-sts-v1-test-199,0.8
boostcamp-sts-v1-test-200,3.2
boostcamp-sts-v1-test-201,3.6
boostcamp-sts-v1-test-202,4.5
boostcamp-sts-v1-test-203,0.2
boostcamp-sts-v1-test-204,2.4
boostcamp-sts-v1-test-205,1.8
boostcamp-sts-v1-test-206,1.8
boostcamp-sts-v1-test-207,1.0
boostcamp-sts-v1-test-208,0.9
boostcamp-sts-v1-test-209,3.1
boostcamp-sts-v1-test-210,1.9
boostcamp-sts-v1-test-211,2.4
boostcamp-sts-v1-test-212,1.0
boostcamp-sts-v1-test-213,1.3
boostcamp-sts-v1-test-214,4.4
boostcamp-sts-v1-test-215,3.5
boostcamp-sts-v1-test-216,3.9
boostcamp-sts-v1-test-217,0.5
boostcamp-sts-v1-test-218,1.5
boostcamp-sts-v1-test-219,1.0
boostcamp-sts-v1-test-220,3.6
boostcamp-sts-v1-test-221,3.6
boostcamp-sts-v1-test-222,4.3
boostcamp-sts-v1-test-223,2.6
boostcamp-sts-v1-test-224,4.5
boostcamp-sts-v1-test-225,3.8
boostcamp-sts-v1-test-226,4.4
boostcamp-sts-v1-test-227,2.6
boostcamp-sts-v1-test-228,2.4
boostcamp-sts-v1-test-229,-0.0
boostcamp-sts-v1-test-230,0.7
boostcamp-sts-v1-test-231,1.1
boostcamp-sts-v1-test-232,4.2
boostcamp-sts-v1-test-233,2.6
boostcamp-sts-v1-test-234,-0.1
boostcamp-sts-v1-test-235,2.7
boostcamp-sts-v1-test-236,2.4
boostcamp-sts-v1-test-237,1.9
boostcamp-sts-v1-test-238,2.2
boostcamp-sts-v1-test-239,2.5
boostcamp-sts-v1-test-240,1.4
boostcamp-sts-v1-test-241,1.3
boostcamp-sts-v1-test-242,0.0
boostcamp-sts-v1-test-243,4.5
boostcamp-sts-v1-test-244,0.7
boostcamp-sts-v1-test-245,4.3
boostcamp-sts-v1-test-246,1.9
boostcamp-sts-v1-test-247,4.2
boostcamp-sts-v1-test-248,4.2
boostcamp-sts-v1-test-249,2.5
boostcamp-sts-v1-test-250,0.5
boostcamp-sts-v1-test-251,1.6
boostcamp-sts-v1-test-252,0.0
boostcamp-sts-v1-test-253,3.2
boostcamp-sts-v1-test-254,2.7
boostcamp-sts-v1-test-255,4.6
boostcamp-sts-v1-test-256,3.9
boostcamp-sts-v1-test-257,3.3
boostcamp-sts-v1-test-258,4.3
boostcamp-sts-v1-test-259,2.8
boostcamp-sts-v1-test-260,4.6
boostcamp-sts-v1-test-261,4.4
boostcamp-sts-v1-test-262,4.5
boostcamp-sts-v1-test-263,4.3
boostcamp-sts-v1-test-264,4.5
boostcamp-sts-v1-test-265,3.5
boostcamp-sts-v1-test-266,4.5
boostcamp-sts-v1-test-267,2.6
boostcamp-sts-v1-test-268,0.4
boostcamp-sts-v1-test-269,0.1
boostcamp-sts-v1-test-270,4.3
boostcamp-sts-v1-test-271,2.7
boostcamp-sts-v1-test-272,2.3
boostcamp-sts-v1-test-273,4.5
boostcamp-sts-v1-test-274,4.5
boostcamp-sts-v1-test-275,4.5
boostcamp-sts-v1-test-276,2.4
boostcamp-sts-v1-test-277,0.6
boostcamp-sts-v1-test-278,3.2
boostcamp-sts-v1-test-279,4.5
boostcamp-sts-v1-test-280,0.9
boostcamp-sts-v1-test-281,4.4
boostcamp-sts-v1-test-282,4.4
boostcamp-sts-v1-test-283,0.3
boostcamp-sts-v1-test-284,4.1
boostcamp-sts-v1-test-285,2.1
boostcamp-sts-v1-test-286,2.0
boostcamp-sts-v1-test-287,4.2
boostcamp-sts-v1-test-288,-0.0
boostcamp-sts-v1-test-289,0.0
boostcamp-sts-v1-test-290,1.3
boostcamp-sts-v1-test-291,0.2
boostcamp-sts-v1-test-292,3.6
boostcamp-sts-v1-test-293,1.5
boostcamp-sts-v1-test-294,1.5
boostcamp-sts-v1-test-295,3.4
boostcamp-sts-v1-test-296,2.1
boostcamp-sts-v1-test-297,0.0
boostcamp-sts-v1-test-298,4.6
boostcamp-sts-v1-test-299,1.7
boostcamp-sts-v1-test-300,4.6
boostcamp-sts-v1-test-301,3.7
boostcamp-sts-v1-test-302,0.8
boostcamp-sts-v1-test-303,2.5
boostcamp-sts-v1-test-304,2.5
boostcamp-sts-v1-test-305,1.2
boostcamp-sts-v1-test-306,3.2
boostcamp-sts-v1-test-307,4.6
boostcamp-sts-v1-test-308,0.3
boostcamp-sts-v1-test-309,0.6
boostcamp-sts-v1-test-310,4.3
boostcamp-sts-v1-test-311,2.3
boostcamp-sts-v1-test-312,0.2
boostcamp-sts-v1-test-313,4.5
boostcamp-sts-v1-test-314,0.7
boostcamp-sts-v1-test-315,4.1
boostcamp-sts-v1-test-316,4.2
boostcamp-sts-v1-test-317,0.4
boostcamp-sts-v1-test-318,4.5
boostcamp-sts-v1-test-319,1.2
boostcamp-sts-v1-test-320,0.9
boostcamp-sts-v1-test-321,0.5
boostcamp-sts-v1-test-322,4.2
boostcamp-sts-v1-test-323,0.3
boostcamp-sts-v1-test-324,2.0
boostcamp-sts-v1-test-325,4.5
boostcamp-sts-v1-test-326,3.9
boostcamp-sts-v1-test-327,2.0
boostcamp-sts-v1-test-328,2.3
boostcamp-sts-v1-test-329,0.7
boostcamp-sts-v1-test-330,1.5
boostcamp-sts-v1-test-331,4.4
boostcamp-sts-v1-test-332,4.1
boostcamp-sts-v1-test-333,4.5
boostcamp-sts-v1-test-334,2.0
boostcamp-sts-v1-test-335,4.6
boostcamp-sts-v1-test-336,4.1
boostcamp-sts-v1-test-337,1.0
boostcamp-sts-v1-test-338,3.8
boostcamp-sts-v1-test-339,1.4
boostcamp-sts-v1-test-340,0.8
boostcamp-sts-v1-test-341,4.6
boostcamp-sts-v1-test-342,1.6
boostcamp-sts-v1-test-343,1.2
boostcamp-sts-v1-test-344,4.5
boostcamp-sts-v1-test-345,4.1
boostcamp-sts-v1-test-346,1.5
boostcamp-sts-v1-test-347,3.0
boostcamp-sts-v1-test-348,1.5
boostcamp-sts-v1-test-349,2.2
boostcamp-sts-v1-test-350,4.2
boostcamp-sts-v1-test-351,1.6
boostcamp-sts-v1-test-352,2.5
boostcamp-sts-v1-test-353,0.1
boostcamp-sts-v1-test-354,-0.0
boostcamp-sts-v1-test-355,2.2
boostcamp-sts-v1-test-356,4.1
boostcamp-sts-v1-test-357,0.8
boostcamp-sts-v1-test-358,3.5
boostcamp-sts-v1-test-359,3.3
boostcamp-sts-v1-test-360,4.1
boostcamp-sts-v1-test-361,1.3
boostcamp-sts-v1-test-362,3.0
boostcamp-sts-v1-test-363,0.0
boostcamp-sts-v1-test-364,4.2
boostcamp-sts-v1-test-365,4.6
boostcamp-sts-v1-test-366,1.7
boostcamp-sts-v1-test-367,3.7
boostcamp-sts-v1-test-368,0.1
boostcamp-sts-v1-test-369,0.6
boostcamp-sts-v1-test-370,1.1
boostcamp-sts-v1-test-371,3.2
boostcamp-sts-v1-test-372,3.9
boostcamp-sts-v1-test-373,-0.0
boostcamp-sts-v1-test-374,0.8
boostcamp-sts-v1-test-375,4.5
boostcamp-sts-v1-test-376,3.4
boostcamp-sts-v1-test-377,3.3
boostcamp-sts-v1-test-378,4.6
boostcamp-sts-v1-test-379,4.6
boostcamp-sts-v1-test-380,1.8
boostcamp-sts-v1-test-381,0.4
boostcamp-sts-v1-test-382,2.2
boostcamp-sts-v1-test-383,2.7
boostcamp-sts-v1-test-384,0.8
boostcamp-sts-v1-test-385,1.8
boostcamp-sts-v1-test-386,3.8
boostcamp-sts-v1-test-387,1.2
boostcamp-sts-v1-test-388,1.4
boostcamp-sts-v1-test-389,2.6
boostcamp-sts-v1-test-390,3.1
boostcamp-sts-v1-test-391,2.6
boostcamp-sts-v1-test-392,0.8
boostcamp-sts-v1-test-393,4.6
boostcamp-sts-v1-test-394,4.4
boostcamp-sts-v1-test-395,3.5
boostcamp-sts-v1-test-396,0.6
boostcamp-sts-v1-test-397,3.3
boostcamp-sts-v1-test-398,1.3
boostcamp-sts-v1-test-399,0.6
boostcamp-sts-v1-test-400,2.8
boostcamp-sts-v1-test-401,1.1
boostcamp-sts-v1-test-402,1.2
boostcamp-sts-v1-test-403,4.5
boostcamp-sts-v1-test-404,4.6
boostcamp-sts-v1-test-405,1.2
boostcamp-sts-v1-test-406,4.1
boostcamp-sts-v1-test-407,2.1
boostcamp-sts-v1-test-408,4.2
boostcamp-sts-v1-test-409,4.6
boostcamp-sts-v1-test-410,3.3
boostcamp-sts-v1-test-411,1.4
boostcamp-sts-v1-test-412,1.1
boostcamp-sts-v1-test-413,4.4
boostcamp-sts-v1-test-414,3.2
boostcamp-sts-v1-test-415,0.4
boostcamp-sts-v1-test-416,3.4
boostcamp-sts-v1-test-417,3.6
boostcamp-sts-v1-test-418,4.5
boostcamp-sts-v1-test-419,1.3
boostcamp-sts-v1-test-420,4.4
boostcamp-sts-v1-test-421,4.1
boostcamp-sts-v1-test-422,3.8
boostcamp-sts-v1-test-423,4.0
boostcamp-sts-v1-test-424,2.3
boostcamp-sts-v1-test-425,1.8
boostcamp-sts-v1-test-426,2.6
boostcamp-sts-v1-test-427,4.5
boostcamp-sts-v1-test-428,3.6
boostcamp-sts-v1-test-429,2.7
boostcamp-sts-v1-test-430,0.6
boostcamp-sts-v1-test-431,0.8
boostcamp-sts-v1-test-432,2.5
boostcamp-sts-v1-test-433,1.4
boostcamp-sts-v1-test-434,0.2
boostcamp-sts-v1-test-435,2.0
boostcamp-sts-v1-test-436,0.2
boostcamp-sts-v1-test-437,1.3
boostcamp-sts-v1-test-438,2.4
boostcamp-sts-v1-test-439,2.9
boostcamp-sts-v1-test-440,0.3
boostcamp-sts-v1-test-441,2.2
boostcamp-sts-v1-test-442,4.1
boostcamp-sts-v1-test-443,0.2
boostcamp-sts-v1-test-444,4.2
boostcamp-sts-v1-test-445,1.0
boostcamp-sts-v1-test-446,3.3
boostcamp-sts-v1-test-447,1.1
boostcamp-sts-v1-test-448,4.3
boostcamp-sts-v1-test-449,4.1
boostcamp-sts-v1-test-450,1.9
boostcamp-sts-v1-test-451,0.9
boostcamp-sts-v1-test-452,3.5
boostcamp-sts-v1-test-453,2.4
boostcamp-sts-v1-test-454,1.7
boostcamp-sts-v1-test-455,0.7
boostcamp-sts-v1-test-456,0.7
boostcamp-sts-v1-test-457,4.1
boostcamp-sts-v1-test-458,0.7
boostcamp-sts-v1-test-459,2.1
boostcamp-sts-v1-test-460,0.0
boostcamp-sts-v1-test-461,4.4
boostcamp-sts-v1-test-462,4.5
boostcamp-sts-v1-test-463,3.2
boostcamp-sts-v1-test-464,1.5
boostcamp-sts-v1-test-465,-0.0
boostcamp-sts-v1-test-466,1.9
boostcamp-sts-v1-test-467,2.8
boostcamp-sts-v1-test-468,2.1
boostcamp-sts-v1-test-469,1.1
boostcamp-sts-v1-test-470,2.5
boostcamp-sts-v1-test-471,0.0
boostcamp-sts-v1-test-472,4.0
boostcamp-sts-v1-test-473,3.0
boostcamp-sts-v1-test-474,3.0
boostcamp-sts-v1-test-475,0.1
boostcamp-sts-v1-test-476,4.5
boostcamp-sts-v1-test-477,1.2
boostcamp-sts-v1-test-478,1.6
boostcamp-sts-v1-test-479,2.2
boostcamp-sts-v1-test-480,4.4
boostcamp-sts-v1-test-481,0.9
boostcamp-sts-v1-test-482,4.6
boostcamp-sts-v1-test-483,4.6
boostcamp-sts-v1-test-484,0.9
boostcamp-sts-v1-test-485,3.2
boostcamp-sts-v1-test-486,2.3
boostcamp-sts-v1-test-487,3.2
boostcamp-sts-v1-test-488,0.5
boostcamp-sts-v1-test-489,1.2
boostcamp-sts-v1-test-490,3.8
boostcamp-sts-v1-test-491,2.3
boostcamp-sts-v1-test-492,1.7
boostcamp-sts-v1-test-493,0.2
boostcamp-sts-v1-test-494,4.1
boostcamp-sts-v1-test-495,0.1
boostcamp-sts-v1-test-496,4.4
boostcamp-sts-v1-test-497,4.5
boostcamp-sts-v1-test-498,4.3
boostcamp-sts-v1-test-499,1.9
boostcamp-sts-v1-test-500,0.1
boostcamp-sts-v1-test-501,4.5
boostcamp-sts-v1-test-502,4.3
boostcamp-sts-v1-test-503,0.6
boostcamp-sts-v1-test-504,4.5
boostcamp-sts-v1-test-505,0.8
boostcamp-sts-v1-test-506,-0.0
boostcamp-sts-v1-test-507,0.5
boostcamp-sts-v1-test-508,0.0
boostcamp-sts-v1-test-509,3.7
boostcamp-sts-v1-test-510,2.0
boostcamp-sts-v1-test-511,1.1
boostcamp-sts-v1-test-512,0.1
boostcamp-sts-v1-test-513,1.4
boostcamp-sts-v1-test-514,0.4
boostcamp-sts-v1-test-515,1.4
boostcamp-sts-v1-test-516,1.4
boostcamp-sts-v1-test-517,1.9
boostcamp-sts-v1-test-518,4.5
boostcamp-sts-v1-test-519,2.1
boostcamp-sts-v1-test-520,0.5
boostcamp-sts-v1-test-521,2.0
boostcamp-sts-v1-test-522,0.9
boostcamp-sts-v1-test-523,2.9
boostcamp-sts-v1-test-524,1.4
boostcamp-sts-v1-test-525,1.7
boostcamp-sts-v1-test-526,1.3
boostcamp-sts-v1-test-527,1.2
boostcamp-sts-v1-test-528,1.9
boostcamp-sts-v1-test-529,4.2
boostcamp-sts-v1-test-530,4.5
boostcamp-sts-v1-test-531,1.8
boostcamp-sts-v1-test-532,0.6
boostcamp-sts-v1-test-533,0.8
boostcamp-sts-v1-test-534,1.0
boostcamp-sts-v1-test-535,4.2
boostcamp-sts-v1-test-536,3.1
boostcamp-sts-v1-test-537,4.2
boostcamp-sts-v1-test-538,2.0
boostcamp-sts-v1-test-539,0.7
boostcamp-sts-v1-test-540,1.3
boostcamp-sts-v1-test-541,4.6
boostcamp-sts-v1-test-542,2.9
boostcamp-sts-v1-test-543,1.5
boostcamp-sts-v1-test-544,1.4
boostcamp-sts-v1-test-545,2.8
boostcamp-sts-v1-test-546,4.6
boostcamp-sts-v1-test-547,4.5
boostcamp-sts-v1-test-548,3.3
boostcamp-sts-v1-test-549,2.0
boostcamp-sts-v1-test-550,0.8
boostcamp-sts-v1-test-551,0.4
boostcamp-sts-v1-test-552,3.1
boostcamp-sts-v1-test-553,2.8
boostcamp-sts-v1-test-554,4.5
boostcamp-sts-v1-test-555,4.2
boostcamp-sts-v1-test-556,1.5
boostcamp-sts-v1-test-557,1.6
boostcamp-sts-v1-test-558,1.6
boostcamp-sts-v1-test-559,-0.0
boostcamp-sts-v1-test-560,4.5
boostcamp-sts-v1-test-561,4.4
boostcamp-sts-v1-test-562,0.6
boostcamp-sts-v1-test-563,1.6
boostcamp-sts-v1-test-564,0.4
boostcamp-sts-v1-test-565,4.2
boostcamp-sts-v1-test-566,4.4
boostcamp-sts-v1-test-567,4.1
boostcamp-sts-v1-test-568,3.2
boostcamp-sts-v1-test-569,4.5
boostcamp-sts-v1-test-570,2.0
boostcamp-sts-v1-test-571,1.6
boostcamp-sts-v1-test-572,3.8
boostcamp-sts-v1-test-573,2.1
boostcamp-sts-v1-test-574,1.2
boostcamp-sts-v1-test-575,4.3
boostcamp-sts-v1-test-576,4.5
boostcamp-sts-v1-test-577,0.2
boostcamp-sts-v1-test-578,1.0
boostcamp-sts-v1-test-579,2.9
boostcamp-sts-v1-test-580,3.4
boostcamp-sts-v1-test-581,-0.0
boostcamp-sts-v1-test-582,0.1
boostcamp-sts-v1-test-583,4.4
boostcamp-sts-v1-test-584,0.0
boostcamp-sts-v1-test-585,4.5
boostcamp-sts-v1-test-586,2.5
boostcamp-sts-v1-test-587,0.3
boostcamp-sts-v1-test-588,4.3
boostcamp-sts-v1-test-589,1.3
boostcamp-sts-v1-test-590,2.8
boostcamp-sts-v1-test-591,4.0
boostcamp-sts-v1-test-592,1.2
boostcamp-sts-v1-test-593,3.7
boostcamp-sts-v1-test-594,4.3
boostcamp-sts-v1-test-595,0.3
boostcamp-sts-v1-test-596,4.4
boostcamp-sts-v1-test-597,4.1
boostcamp-sts-v1-test-598,3.9
boostcamp-sts-v1-test-599,2.2
boostcamp-sts-v1-test-600,3.1
boostcamp-sts-v1-test-601,3.8
boostcamp-sts-v1-test-602,4.5
boostcamp-sts-v1-test-603,2.6
boostcamp-sts-v1-test-604,4.6
boostcamp-sts-v1-test-605,1.7
boostcamp-sts-v1-test-606,2.5
boostcamp-sts-v1-test-607,2.3
boostcamp-sts-v1-test-608,0.3
boostcamp-sts-v1-test-609,2.0
boostcamp-sts-v1-test-610,4.4
boostcamp-sts-v1-test-611,4.1
boostcamp-sts-v1-test-612,4.3
boostcamp-sts-v1-test-613,1.8
boostcamp-sts-v1-test-614,1.4
boostcamp-sts-v1-test-615,3.5
boostcamp-sts-v1-test-616,3.5
boostcamp-sts-v1-test-617,3.0
boostcamp-sts-v1-test-618,3.5
boostcamp-sts-v1-test-619,2.0
boostcamp-sts-v1-test-620,1.8
boostcamp-sts-v1-test-621,2.7
boostcamp-sts-v1-test-622,2.1
boostcamp-sts-v1-test-623,4.3
boostcamp-sts-v1-test-624,4.5
boostcamp-sts-v1-test-625,0.4
boostcamp-sts-v1-test-626,3.9
boostcamp-sts-v1-test-627,4.5
boostcamp-sts-v1-test-628,3.6
boostcamp-sts-v1-test-629,1.1
boostcamp-sts-v1-test-630,0.7
boostcamp-sts-v1-test-631,1.5
boostcamp-sts-v1-test-632,0.9
boostcamp-sts-v1-test-633,3.6
boostcamp-sts-v1-test-634,0.6
boostcamp-sts-v1-test-635,2.3
boostcamp-sts-v1-test-636,2.5
boostcamp-sts-v1-test-637,0.1
boostcamp-sts-v1-test-638,2.8
boostcamp-sts-v1-test-639,4.3
boostcamp-sts-v1-test-640,2.6
boostcamp-sts-v1-test-641,4.3
boostcamp-sts-v1-test-642,0.7
boostcamp-sts-v1-test-643,3.0
boostcamp-sts-v1-test-644,2.1
boostcamp-sts-v1-test-645,0.1
boostcamp-sts-v1-test-646,4.4
boostcamp-sts-v1-test-647,2.7
boostcamp-sts-v1-test-648,0.9
boostcamp-sts-v1-test-649,1.5
boostcamp-sts-v1-test-650,3.8
boostcamp-sts-v1-test-651,2.1
boostcamp-sts-v1-test-652,4.3
boostcamp-sts-v1-test-653,0.6
boostcamp-sts-v1-test-654,2.4
boostcamp-sts-v1-test-655,0.8
boostcamp-sts-v1-test-656,4.5
boostcamp-sts-v1-test-657,0.6
boostcamp-sts-v1-test-658,0.6
boostcamp-sts-v1-test-659,4.5
boostcamp-sts-v1-test-660,4.4
boostcamp-sts-v1-test-661,-0.0
boostcamp-sts-v1-test-662,4.3
boostcamp-sts-v1-test-663,4.1
boostcamp-sts-v1-test-664,0.9
boostcamp-sts-v1-test-665,1.0
boostcamp-sts-v1-test-666,1.6
boostcamp-sts-v1-test-667,2.6
boostcamp-sts-v1-test-668,1.3
boostcamp-sts-v1-test-669,4.3
boostcamp-sts-v1-test-670,1.8
boostcamp-sts-v1-test-671,4.2
boostcamp-sts-v1-test-672,2.6
boostcamp-sts-v1-test-673,4.4
boostcamp-sts-v1-test-674,0.8
boostcamp-sts-v1-test-675,4.3
boostcamp-sts-v1-test-676,2.7
boostcamp-sts-v1-test-677,2.3
boostcamp-sts-v1-test-678,4.6
boostcamp-sts-v1-test-679,4.2
boostcamp-sts-v1-test-680,1.3
boostcamp-sts-v1-test-681,2.5
boostcamp-sts-v1-test-682,3.3
boostcamp-sts-v1-test-683,4.3
boostcamp-sts-v1-test-684,3.7
boostcamp-sts-v1-test-685,3.4
boostcamp-sts-v1-test-686,3.6
boostcamp-sts-v1-test-687,4.5
boostcamp-sts-v1-test-688,4.6
boostcamp-sts-v1-test-689,0.8
boostcamp-sts-v1-test-690,4.0
boostcamp-sts-v1-test-691,3.6
boostcamp-sts-v1-test-692,0.2
boostcamp-sts-v1-test-693,4.5
boostcamp-sts-v1-test-694,1.5
boostcamp-sts-v1-test-695,4.2
boostcamp-sts-v1-test-696,1.6
boostcamp-sts-v1-test-697,3.8
boostcamp-sts-v1-test-698,4.3
boostcamp-sts-v1-test-699,0.2
boostcamp-sts-v1-test-700,4.5
boostcamp-sts-v1-test-701,0.5
boostcamp-sts-v1-test-702,1.0
boostcamp-sts-v1-test-703,1.1
boostcamp-sts-v1-test-704,2.3
boostcamp-sts-v1-test-705,1.7
boostcamp-sts-v1-test-706,2.4
boostcamp-sts-v1-test-707,1.9
boostcamp-sts-v1-test-708,2.2
boostcamp-sts-v1-test-709,4.3
boostcamp-sts-v1-test-710,0.3
boostcamp-sts-v1-test-711,1.8
boostcamp-sts-v1-test-712,4.5
boostcamp-sts-v1-test-713,4.0
boostcamp-sts-v1-test-714,2.4
boostcamp-sts-v1-test-715,-0.0
boostcamp-sts-v1-test-716,2.4
boostcamp-sts-v1-test-717,4.5
boostcamp-sts-v1-test-718,4.1
boostcamp-sts-v1-test-719,4.5
boostcamp-sts-v1-test-720,4.5
boostcamp-sts-v1-test-721,4.5
boostcamp-sts-v1-test-722,0.0
boostcamp-sts-v1-test-723,0.0
boostcamp-sts-v1-test-724,1.0
boostcamp-sts-v1-test-725,0.7
boostcamp-sts-v1-test-726,1.3
boostcamp-sts-v1-test-727,4.5
boostcamp-sts-v1-test-728,2.2
boostcamp-sts-v1-test-729,4.4
boostcamp-sts-v1-test-730,2.5
boostcamp-sts-v1-test-731,1.4
boostcamp-sts-v1-test-732,2.3
boostcamp-sts-v1-test-733,4.0
boostcamp-sts-v1-test-734,1.1
boostcamp-sts-v1-test-735,4.5
boostcamp-sts-v1-test-736,2.8
boostcamp-sts-v1-test-737,4.5
boostcamp-sts-v1-test-738,2.8
boostcamp-sts-v1-test-739,2.1
boostcamp-sts-v1-test-740,2.1
boostcamp-sts-v1-test-741,1.6
boostcamp-sts-v1-test-742,2.4
boostcamp-sts-v1-test-743,4.5
boostcamp-sts-v1-test-744,3.1
boostcamp-sts-v1-test-745,4.3
boostcamp-sts-v1-test-746,1.9
boostcamp-sts-v1-test-747,2.9
boostcamp-sts-v1-test-748,3.6
boostcamp-sts-v1-test-749,1.3
boostcamp-sts-v1-test-750,4.5
boostcamp-sts-v1-test-751,3.9
boostcamp-sts-v1-test-752,-0.0
boostcamp-sts-v1-test-753,1.2
boostcamp-sts-v1-test-754,1.2
boostcamp-sts-v1-test-755,2.7
boostcamp-sts-v1-test-756,4.1
boostcamp-sts-v1-test-757,2.0
boostcamp-sts-v1-test-758,2.8
boostcamp-sts-v1-test-759,0.4
boostcamp-sts-v1-test-760,3.9
boostcamp-sts-v1-test-761,1.8
boostcamp-sts-v1-test-762,3.6
boostcamp-sts-v1-test-763,4.6
boostcamp-sts-v1-test-764,3.6
boostcamp-sts-v1-test-765,0.2
boostcamp-sts-v1-test-766,1.4
boostcamp-sts-v1-test-767,3.5
boostcamp-sts-v1-test-768,4.5
boostcamp-sts-v1-test-769,2.1
boostcamp-sts-v1-test-770,4.6
boostcamp-sts-v1-test-771,4.5
boostcamp-sts-v1-test-772,0.6
boostcamp-sts-v1-test-773,1.0
boostcamp-sts-v1-test-774,0.4
boostcamp-sts-v1-test-775,3.6
boostcamp-sts-v1-test-776,4.5
boostcamp-sts-v1-test-777,2.9
boostcamp-sts-v1-test-778,2.8
boostcamp-sts-v1-test-779,2.3
boostcamp-sts-v1-test-780,1.2
boostcamp-sts-v1-test-781,3.2
boostcamp-sts-v1-test-782,1.1
boostcamp-sts-v1-test-783,4.4
boostcamp-sts-v1-test-784,4.5
boostcamp-sts-v1-test-785,1.3
boostcamp-sts-v1-test-786,2.8
boostcamp-sts-v1-test-787,3.8
boostcamp-sts-v1-test-788,0.7
boostcamp-sts-v1-test-789,0.3
boostcamp-sts-v1-test-790,1.2
boostcamp-sts-v1-test-791,2.9
boostcamp-sts-v1-test-792,3.6
boostcamp-sts-v1-test-793,3.6
boostcamp-sts-v1-test-794,1.9
boostcamp-sts-v1-test-795,4.6
boostcamp-sts-v1-test-796,2.9
boostcamp-sts-v1-test-797,3.9
boostcamp-sts-v1-test-798,0.4
boostcamp-sts-v1-test-799,2.3
boostcamp-sts-v1-test-800,0.5
boostcamp-sts-v1-test-801,2.5
boostcamp-sts-v1-test-802,3.1
boostcamp-sts-v1-test-803,2.5
boostcamp-sts-v1-test-804,2.3
boostcamp-sts-v1-test-805,0.3
boostcamp-sts-v1-test-806,1.8
boostcamp-sts-v1-test-807,1.7
boostcamp-sts-v1-test-808,3.6
boostcamp-sts-v1-test-809,4.2
boostcamp-sts-v1-test-810,4.3
boostcamp-sts-v1-test-811,4.2
boostcamp-sts-v1-test-812,1.2
boostcamp-sts-v1-test-813,2.6
boostcamp-sts-v1-test-814,2.0
boostcamp-sts-v1-test-815,1.1
boostcamp-sts-v1-test-816,1.1
boostcamp-sts-v1-test-817,0.6
boostcamp-sts-v1-test-818,4.2
boostcamp-sts-v1-test-819,4.1
boostcamp-sts-v1-test-820,1.7
boostcamp-sts-v1-test-821,1.4
boostcamp-sts-v1-test-822,1.4
boostcamp-sts-v1-test-823,3.6
boostcamp-sts-v1-test-824,0.2
boostcamp-sts-v1-test-825,0.4
boostcamp-sts-v1-test-826,4.1
boostcamp-sts-v1-test-827,4.5
boostcamp-sts-v1-test-828,3.2
boostcamp-sts-v1-test-829,2.5
boostcamp-sts-v1-test-830,1.5
boostcamp-sts-v1-test-831,2.4
boostcamp-sts-v1-test-832,2.6
boostcamp-sts-v1-test-833,1.1
boostcamp-sts-v1-test-834,2.7
boostcamp-sts-v1-test-835,1.7
boostcamp-sts-v1-test-836,4.5
boostcamp-sts-v1-test-837,3.5
boostcamp-sts-v1-test-838,3.5
boostcamp-sts-v1-test-839,1.2
boostcamp-sts-v1-test-840,1.4
boostcamp-sts-v1-test-841,4.3
boostcamp-sts-v1-test-842,3.0
boostcamp-sts-v1-test-843,4.4
boostcamp-sts-v1-test-844,2.7
boostcamp-sts-v1-test-845,3.9
boostcamp-sts-v1-test-846,4.6
boostcamp-sts-v1-test-847,4.5
boostcamp-sts-v1-test-848,4.0
boostcamp-sts-v1-test-849,1.3
boostcamp-sts-v1-test-850,2.1
boostcamp-sts-v1-test-851,1.5
boostcamp-sts-v1-test-852,4.0
boostcamp-sts-v1-test-853,2.3
boostcamp-sts-v1-test-854,4.2
boostcamp-sts-v1-test-855,4.0
boostcamp-sts-v1-test-856,3.5
boostcamp-sts-v1-test-857,0.7
boostcamp-sts-v1-test-858,1.3
boostcamp-sts-v1-test-859,0.4
boostcamp-sts-v1-test-860,4.5
boostcamp-sts-v1-test-861,0.8
boostcamp-sts-v1-test-862,3.2
boostcamp-sts-v1-test-863,4.5
boostcamp-sts-v1-test-864,4.6
boostcamp-sts-v1-test-865,3.6
boostcamp-sts-v1-test-866,1.1
boostcamp-sts-v1-test-867,-0.0
boostcamp-sts-v1-test-868,3.6
boostcamp-sts-v1-test-869,1.6
boostcamp-sts-v1-test-870,4.5
boostcamp-sts-v1-test-871,3.1
boostcamp-sts-v1-test-872,1.0
boostcamp-sts-v1-test-873,3.1
boostcamp-sts-v1-test-874,1.8
boostcamp-sts-v1-test-875,0.8
boostcamp-sts-v1-test-876,4.4
boostcamp-sts-v1-test-877,0.3
boostcamp-sts-v1-test-878,3.8
boostcamp-sts-v1-test-879,2.5
boostcamp-sts-v1-test-880,4.5
boostcamp-sts-v1-test-881,4.4
boostcamp-sts-v1-test-882,3.6
boostcamp-sts-v1-test-883,4.3
boostcamp-sts-v1-test-884,3.8
boostcamp-sts-v1-test-885,4.3
boostcamp-sts-v1-test-886,1.4
boostcamp-sts-v1-test-887,4.0
boostcamp-sts-v1-test-888,2.6
boostcamp-sts-v1-test-889,4.4
boostcamp-sts-v1-test-890,4.3
boostcamp-sts-v1-test-891,2.2
boostcamp-sts-v1-test-892,1.6
boostcamp-sts-v1-test-893,3.4
boostcamp-sts-v1-test-894,1.1
boostcamp-sts-v1-test-895,3.8
boostcamp-sts-v1-test-896,2.4
boostcamp-sts-v1-test-897,2.0
boostcamp-sts-v1-test-898,-0.0
boostcamp-sts-v1-test-899,3.7
boostcamp-sts-v1-test-900,0.6
boostcamp-sts-v1-test-901,1.1
boostcamp-sts-v1-test-902,2.0
boostcamp-sts-v1-test-903,3.9
boostcamp-sts-v1-test-904,3.8
boostcamp-sts-v1-test-905,2.9
boostcamp-sts-v1-test-906,4.0
boostcamp-sts-v1-test-907,1.1
boostcamp-sts-v1-test-908,0.6
boostcamp-sts-v1-test-909,4.4
boostcamp-sts-v1-test-910,4.4
boostcamp-sts-v1-test-911,1.6
boostcamp-sts-v1-test-912,2.4
boostcamp-sts-v1-test-913,4.0
boostcamp-sts-v1-test-914,0.9
boostcamp-sts-v1-test-915,2.9
boostcamp-sts-v1-test-916,2.1
boostcamp-sts-v1-test-917,4.4
boostcamp-sts-v1-test-918,4.6
boostcamp-sts-v1-test-919,4.5
boostcamp-sts-v1-test-920,3.6
boostcamp-sts-v1-test-921,3.9
boostcamp-sts-v1-test-922,2.9
boostcamp-sts-v1-test-923,4.5
boostcamp-sts-v1-test-924,4.6
boostcamp-sts-v1-test-925,0.8
boostcamp-sts-v1-test-926,2.0
boostcamp-sts-v1-test-927,4.5
boostcamp-sts-v1-test-928,4.5
boostcamp-sts-v1-test-929,4.6
boostcamp-sts-v1-test-930,4.5
boostcamp-sts-v1-test-931,4.4
boostcamp-sts-v1-test-932,1.9
boostcamp-sts-v1-test-933,1.7
boostcamp-sts-v1-test-934,4.3
boostcamp-sts-v1-test-935,-0.1
boostcamp-sts-v1-test-936,2.2
boostcamp-sts-v1-test-937,4.2
boostcamp-sts-v1-test-938,1.7
boostcamp-sts-v1-test-939,2.9
boostcamp-sts-v1-test-940,4.5
boostcamp-sts-v1-test-941,4.4
boostcamp-sts-v1-test-942,2.1
boostcamp-sts-v1-test-943,1.5
boostcamp-sts-v1-test-944,3.5
boostcamp-sts-v1-test-945,-0.1
boostcamp-sts-v1-test-946,1.1
boostcamp-sts-v1-test-947,2.8
boostcamp-sts-v1-test-948,4.6
boostcamp-sts-v1-test-949,3.9
boostcamp-sts-v1-test-950,3.9
boostcamp-sts-v1-test-951,4.1
boostcamp-sts-v1-test-952,0.4
boostcamp-sts-v1-test-953,4.4
boostcamp-sts-v1-test-954,3.6
boostcamp-sts-v1-test-955,4.6
boostcamp-sts-v1-test-956,1.6
boostcamp-sts-v1-test-957,2.6
boostcamp-sts-v1-test-958,2.1
boostcamp-sts-v1-test-959,2.9
boostcamp-sts-v1-test-960,4.2
boostcamp-sts-v1-test-961,3.2
boostcamp-sts-v1-test-962,3.6
boostcamp-sts-v1-test-963,4.5
boostcamp-sts-v1-test-964,3.8
boostcamp-sts-v1-test-965,2.7
boostcamp-sts-v1-test-966,0.6
boostcamp-sts-v1-test-967,2.5
boostcamp-sts-v1-test-968,2.7
boostcamp-sts-v1-test-969,0.2
boostcamp-sts-v1-test-970,1.8
boostcamp-sts-v1-test-971,1.4
boostcamp-sts-v1-test-972,1.5
boostcamp-sts-v1-test-973,3.3
boostcamp-sts-v1-test-974,3.9
boostcamp-sts-v1-test-975,1.9
boostcamp-sts-v1-test-976,2.4
boostcamp-sts-v1-test-977,1.7
boostcamp-sts-v1-test-978,3.4
boostcamp-sts-v1-test-979,3.1
boostcamp-sts-v1-test-980,1.4
boostcamp-sts-v1-test-981,3.5
boostcamp-sts-v1-test-982,4.5
boostcamp-sts-v1-test-983,1.5
boostcamp-sts-v1-test-984,4.2
boostcamp-sts-v1-test-985,0.8
boostcamp-sts-v1-test-986,0.8
boostcamp-sts-v1-test-987,3.9
boostcamp-sts-v1-test-988,4.6
boostcamp-sts-v1-test-989,2.9
boostcamp-sts-v1-test-990,1.6
boostcamp-sts-v1-test-991,4.5
boostcamp-sts-v1-test-992,4.3
boostcamp-sts-v1-test-993,1.4
boostcamp-sts-v1-test-994,3.9
boostcamp-sts-v1-test-995,1.3
boostcamp-sts-v1-test-996,2.6
boostcamp-sts-v1-test-997,3.0
boostcamp-sts-v1-test-998,3.0
boostcamp-sts-v1-test-999,3.3
boostcamp-sts-v1-test-1000,4.4
boostcamp-sts-v1-test-1001,4.2
boostcamp-sts-v1-test-1002,1.1
boostcamp-sts-v1-test-1003,3.5
boostcamp-sts-v1-test-1004,4.6
boostcamp-sts-v1-test-1005,3.7
boostcamp-sts-v1-test-1006,4.2
boostcamp-sts-v1-test-1007,0.0
boostcamp-sts-v1-test-1008,3.4
boostcamp-sts-v1-test-1009,1.4
boostcamp-sts-v1-test-1010,0.3
boostcamp-sts-v1-test-1011,4.5
boostcamp-sts-v1-test-1012,1.0
boostcamp-sts-v1-test-1013,3.4
boostcamp-sts-v1-test-1014,1.5
boostcamp-sts-v1-test-1015,3.3
boostcamp-sts-v1-test-1016,4.3
boostcamp-sts-v1-test-1017,4.4
boostcamp-sts-v1-test-1018,0.7
boostcamp-sts-v1-test-1019,3.8
boostcamp-sts-v1-test-1020,3.8
boostcamp-sts-v1-test-1021,2.2
boostcamp-sts-v1-test-1022,0.8
boostcamp-sts-v1-test-1023,3.8
boostcamp-sts-v1-test-1024,3.7
boostcamp-sts-v1-test-1025,3.9
boostcamp-sts-v1-test-1026,1.1
boostcamp-sts-v1-test-1027,3.7
boostcamp-sts-v1-test-1028,1.5
boostcamp-sts-v1-test-1029,4.6
boostcamp-sts-v1-test-1030,0.8
boostcamp-sts-v1-test-1031,4.5
boostcamp-sts-v1-test-1032,1.4
boostcamp-sts-v1-test-1033,4.5
boostcamp-sts-v1-test-1034,2.5
boostcamp-sts-v1-test-1035,1.3
boostcamp-sts-v1-test-1036,1.6
boostcamp-sts-v1-test-1037,0.4
boostcamp-sts-v1-test-1038,3.3
boostcamp-sts-v1-test-1039,4.5
boostcamp-sts-v1-test-1040,3.5
boostcamp-sts-v1-test-1041,1.7
boostcamp-sts-v1-test-1042,3.9
boostcamp-sts-v1-test-1043,3.7
boostcamp-sts-v1-test-1044,3.2
boostcamp-sts-v1-test-1045,4.0
boostcamp-sts-v1-test-1046,4.1
boostcamp-sts-v1-test-1047,3.6
boostcamp-sts-v1-test-1048,1.8
boostcamp-sts-v1-test-1049,1.3
boostcamp-sts-v1-test-1050,4.5
boostcamp-sts-v1-test-1051,4.5
boostcamp-sts-v1-test-1052,1.9
boostcamp-sts-v1-test-1053,-0.0
boostcamp-sts-v1-test-1054,1.2
boostcamp-sts-v1-test-1055,4.5
boostcamp-sts-v1-test-1056,4.5
boostcamp-sts-v1-test-1057,1.2
boostcamp-sts-v1-test-1058,1.5
boostcamp-sts-v1-test-1059,4.5
boostcamp-sts-v1-test-1060,1.1
boostcamp-sts-v1-test-1061,1.5
boostcamp-sts-v1-test-1062,4.6
boostcamp-sts-v1-test-1063,3.9
boostcamp-sts-v1-test-1064,1.6
boostcamp-sts-v1-test-1065,0.3
boostcamp-sts-v1-test-1066,2.7
boostcamp-sts-v1-test-1067,4.3
boostcamp-sts-v1-test-1068,3.7
boostcamp-sts-v1-test-1069,2.2
boostcamp-sts-v1-test-1070,4.5
boostcamp-sts-v1-test-1071,0.9
boostcamp-sts-v1-test-1072,4.6
boostcamp-sts-v1-test-1073,1.4
boostcamp-sts-v1-test-1074,4.5
boostcamp-sts-v1-test-1075,1.7
boostcamp-sts-v1-test-1076,4.0
boostcamp-sts-v1-test-1077,0.1
boostcamp-sts-v1-test-1078,4.2
boostcamp-sts-v1-test-1079,2.7
boostcamp-sts-v1-test-1080,4.4
boostcamp-sts-v1-test-1081,3.8
boostcamp-sts-v1-test-1082,2.4
boostcamp-sts-v1-test-1083,1.9
boostcamp-sts-v1-test-1084,0.8
boostcamp-sts-v1-test-1085,3.9
boostcamp-sts-v1-test-1086,1.2
boostcamp-sts-v1-test-1087,3.1
boostcamp-sts-v1-test-1088,3.5
boostcamp-sts-v1-test-1089,3.8
boostcamp-sts-v1-test-1090,0.0
boostcamp-sts-v1-test-1091,4.5
boostcamp-sts-v1-test-1092,1.8
boostcamp-sts-v1-test-1093,4.2
boostcamp-sts-v1-test-1094,4.4
boostcamp-sts-v1-test-1095,1.3
boostcamp-sts-v1-test-1096,4.5
boostcamp-sts-v1-test-1097,3.1
boostcamp-sts-v1-test-1098,3.4
boostcamp-sts-v1-test-1099,4.5
